<?xml version="1.0" encoding="UTF-8"?>
<!DOCTYPE mapper PUBLIC "-//mybatis.org//DTD Mapper 3.0//EN" "http://mybatis.org/dtd/mybatis-3-mapper.dtd">
<mapper namespace="com.example.modelattribute.mapper.BoardMapper">

    <!-- 게시글 등록 -->
    <insert id="insertBoard" parameterType="com.example.modelattribute.dto.BoardDTO">
        INSERT INTO board (title, content, writer, board_type)
        VALUES (#{title}, #{content}, #{writer}, #{boardType})
    </insert>
    
    <!-- 게시글 수정 -->
    <update id="updateBoard" parameterType="com.example.modelattribute.dto.BoardDTO">
        UPDATE board
        SET title = #{title},
            content = #{content},
            board_type = #{boardType}
        WHERE id = #{id}
    </update>
    
    <!-- 게시글 삭제 -->
    <delete id="deleteBoard" parameterType="long">
        DELETE FROM board WHERE id = #{id}
    </delete>
    
    <!-- 게시글 ID로 조회 -->
    <select id="selectBoardById" parameterType="long" resultType="com.example.modelattribute.dto.BoardDTO">
        SELECT id, title, content, writer, board_type as boardType, view_count as viewCount, 
               created_at as createdAt, updated_at as updatedAt
        FROM board
        WHERE id = #{id}
    </select>
    
    <!-- 게시글 조회수 증가 -->
    <update id="incrementViewCount" parameterType="long">
        UPDATE board
        SET view_count = view_count + 1
        WHERE id = #{id}
    </update>
    
    <!-- 모든 게시글 조회 -->
    <select id="selectAllBoards" resultType="com.example.modelattribute.dto.BoardDTO">
        SELECT id, title, content, writer, board_type as boardType, view_count as viewCount, 
               created_at as createdAt, updated_at as updatedAt
        FROM board
        ORDER BY id DESC
    </select>
    
    <!-- 작성자로 게시글 조회 -->
    <select id="selectBoardsByWriter" parameterType="string" resultType="com.example.modelattribute.dto.BoardDTO">
        SELECT id, title, content, writer, board_type as boardType, view_count as viewCount, 
               created_at as createdAt, updated_at as updatedAt
        FROM board
        WHERE writer = #{writer}
        ORDER BY id DESC
    </select>
    
    <!-- 제목으로 게시글 검색 -->
    <select id="searchBoardsByTitle" parameterType="string" resultType="com.example.modelattribute.dto.BoardDTO">
        SELECT id, title, content, writer, board_type as boardType, view_count as viewCount, 
               created_at as createdAt, updated_at as updatedAt
        FROM board
        WHERE title LIKE CONCAT('%', #{keyword}, '%')
        ORDER BY id DESC
    </select>
    
</mapper> 