<?xml version="1.0" encoding="UTF-8"?>
<!DOCTYPE mapper PUBLIC "-//mybatis.org//DTD Mapper 3.0//EN" "http://mybatis.org/dtd/mybatis-3-mapper.dtd">
<mapper namespace="com.example.modelattribute.mapper.MemberMapper">

    <!-- 회원 등록 -->
    <insert id="insertMember" parameterType="com.example.modelattribute.dto.MemberDTO">
        INSERT INTO member (username, password, name, email)
        VALUES (#{username}, #{password}, #{name}, #{email})
    </insert>
    
    <!-- 회원 정보 수정 -->
    <update id="updateMember" parameterType="com.example.modelattribute.dto.MemberDTO">
        UPDATE member
        SET password = #{password},
            name = #{name},
            email = #{email}
        WHERE id = #{id}
    </update>
    
    <!-- 회원 삭제 -->
    <delete id="deleteMember" parameterType="long">
        DELETE FROM member WHERE id = #{id}
    </delete>
    
    <!-- 회원 ID로 조회 -->
    <select id="selectMemberById" parameterType="long" resultType="com.example.modelattribute.dto.MemberDTO">
        SELECT id, username, password, name, email, created_at as createdAt
        FROM member
        WHERE id = #{id}
    </select>
    
    <!-- 회원 이름으로 조회 -->
    <select id="selectMemberByUsername" parameterType="string" resultType="com.example.modelattribute.dto.MemberDTO">
        SELECT id, username, password, name, email, created_at as createdAt
        FROM member
        WHERE username = #{username}
    </select>
    
    <!-- 모든 회원 조회 -->
    <select id="selectAllMembers" resultType="com.example.modelattribute.dto.MemberDTO">
        SELECT id, username, password, name, email, created_at as createdAt
        FROM member
        ORDER BY id
    </select>
    
</mapper> 